{"atlas":{"type":"msdf","distanceRange":4,"distanceRangeMiddle":0,"size":48,"width":512,"height":512,"yOrigin":"top"},"metrics":{"emSize":1,"lineHeight":1.31884765625,"ascender":-1.0478515625,"descender":0.27099609375,"underlineY":0.09765625,"underlineThickness":0.048828125},"glyphs":[{"unicode":65,"advance":0.65234375,"planeBounds":{"left":-0.038167317708333336,"top":-0.76041666666666663,"right":0.69099934895833326,"bottom":0.052083333333333336},"atlasBounds":{"left":32.5,"top":0.5,"right":67.5,"bottom":39.5}},{"unicode":66,"advance":0.62255859375,"planeBounds":{"left":0.032796223958333301,"top":-0.76041666666666663,"right":0.61612955729166663,"bottom":0.052083333333333336},"atlasBounds":{"left":68.5,"top":0.5,"right":96.5,"bottom":39.5}},{"unicode":67,"advance":0.65087890625,"planeBounds":{"left":0.0088704427083332992,"top":-0.78125,"right":0.65470377604166663,"bottom":0.052083333333333336},"atlasBounds":{"left":0.5,"top":0.5,"right":31.5,"bottom":40.5}}],"kerning":[]}
